<?xml version="1.0" encoding="utf-8"?>
<resources>

    <color name="hiad_app_text_color">#A9FFFFFF</color>
    <color name="hiad_app_text_color_half">#A9FFFFFF</color>
    <color name="hiad_emui_8_btn_color">#A9FFFFFF</color>
    <color name="hiad_emui_black">#FFFFFF</color>
    <color name="hiad_emui_white">#000000</color>
    <color name="hiad_30_percent_white">#4c000000</color>
    <color name="hiad_80_percent_white">#cc000000</color>
    <color name="hiad_0_percent_black">#00ffffff</color>
    <color name="hiad_30_percent_black">#4cffffff</color>
    <color name="hiad_70_percent_black">#b2ffffff</color>

    <color name="hiad_video_progress_blue">#0d9ffb</color>
    <color name="hiad_video_progress_buffer">#330d9ffb</color>
    <color name="hiad_video_progress_bg">#26000000</color>
    <color name="hiad_video_buffer_progress_start">#000d9ffb</color>
    <color name="hiad_seekbar_thumb_edge_color">#08ffffff</color>

    <!-- 下载按钮正常状态 -->
    <color name="hiad_down_normal_bg">#0Dffffff</color>
    <color name="hiad_down_normal_bg_press">#1Affffff</color>
    <color name="hiad_down_normal_stroke">#0Dffffff</color>
    <color name="hiad_down_normal_text">#005BBA</color>

    <!--落地页下载按钮正常状态-->
    <color name="hiad_landing_app_down_normal_bg">#007dff</color>
    <color name="hiad_landing_app_down_normal_bg_pressed">#005BBA</color>

    <!-- 下载按钮下载状态 -->
    <color name="hiad_app_down_processing_progress">#33007dff</color>
    <color name="hiad_app_down_processing_backgroud">#00ffffff</color>

    <!-- 下载按钮安装中状态 -->
    <color name="hiad_app_down_installing_bg">#0Dffffff</color>
    <color name="hiad_app_down_installing_stroke">#0Dffffff</color>
    <color name="hiad_app_down_installing_text">#005BBA</color>

    <color name="hiad_dialog_gray_10">#ccffffff</color>
    <color name="hiad_mute_buttto_bg">#66000000</color>

    <!--EndCard-->
    <color name="hiad_endcard_default_bg">#262626</color>
    <color name="hiad_endcard_text_color">#FFFFFF</color>
    <color name="hiad_endcard_desc_color">#99FFFFFF</color>

</resources>