<?xml version="1.0" encoding="utf-8"?>
<resources>

    <color name="emui_color_text_secondary">#80FFFFFF</color>
    <color name="emui_color_text_primary">#A9ffffff</color>
    <color name="emui_functional_blue">#0D9FFB</color>
    <color name="emui_color_list_divider">#33FFFFFF</color>
    <color name="emui_color_subheader_divider">#0Cffffff</color>
    <!--普通按钮-->
    <color name="emui_button">#1AFFFFFF</color>
    <color name="emui_button_pressed">#2E2E2E</color>
    <color name="emui_color_bg">#000000</color>
    <color name="emui_color_clickeffic">#13FFFFFF</color>
    <color name="theme_color">#FF3F97E9</color>
    <!--EndCard-->
    <color name="hiad_endcard_default_bg">#262626</color>
    <color name="hiad_endcard_text_color">#FFFFFF</color>
    <color name="hiad_endcard_desc_color">#99FFFFFF</color>

</resources>